deal_id,holding_group,agency_network,market,client_vertical,category_type,stage,pipeline_value_usd,win_probability,weighted_value_usd,quarter,days_in_current_stage,last_activity_date,jbp_annual_target_usd
CA-1000,WPP,GroupM,UAE,Banking & Fintech,Non-endemic,Proposal Sent,222000,0.33,73260,Q1 2026,4,2026-09-15,
CA-1001,WPP,GroupM,UAE,Telco,Non-endemic,Negotiation,107000,0.56,59920,Q4 2026,19,2026-09-15,
CA-1002,WPP,GroupM,UAE,QSR & Food,Endemic,JBP Signed,428000,0.77,329560,Q2 2026,23,2026-09-12,490648
CA-1003,WPP,GroupM,KSA,Banking & Fintech,Non-endemic,JBP Signed,124000,0.83,102920,Q1 2026,26,2026-09-13,170627
CA-1004,WPP,GroupM,KSA,Travel & Mobility,Endemic,Live Campaign,450000,0.96,432000,Q1 2026,84,2026-09-06,716675
CA-1005,WPP,GroupM,KSA,QSR & Food,Endemic,Negotiation,544000,0.57,310080,Q3 2026,100,2026-09-09,
CA-1006,WPP,GroupM,Egypt,Travel & Mobility,Endemic,JBP Signed,703000,0.82,576460,Q2 2026,103,2026-09-07,1121117
CA-1007,WPP,GroupM,Egypt,Electronics,Non-endemic,Proposal Sent,412000,0.34,140080,Q1 2026,4,2026-09-13,
CA-1008,WPP,GroupM,Egypt,Beauty & Personal Care,Non-endemic,Proposal Sent,660000,0.35,231000,Q3 2026,33,2026-09-03,
CA-1009,WPP,GroupM,Egypt,Travel & Mobility,Endemic,Negotiation,351000,0.51,179010,Q3 2026,29,2026-08-28,
CA-1010,WPP,GroupM,Egypt,Telco,Non-endemic,Renewal,221000,0.9,198900,Q1 2026,9,2026-09-13,312433
CA-1011,Publicis Groupe,Publicis Media,UAE,Auto,Non-endemic,Negotiation,559000,0.55,307450,Q1 2026,9,2026-09-07,
CA-1012,Publicis Groupe,Publicis Media,UAE,Travel & Mobility,Endemic,Proposal Sent,380000,0.29,110200,Q4 2026,88,2026-08-30,
CA-1013,Publicis Groupe,Publicis Media,UAE,Travel & Mobility,Endemic,Renewal,720000,0.88,633600,Q2 2026,75,2026-08-29,1135260
CA-1014,Publicis Groupe,Publicis Media,UAE,QSR & Food,Endemic,JBP Signed,580000,0.74,429200,Q3 2026,21,2026-09-08,654798
CA-1015,Publicis Groupe,Publicis Media,UAE,QSR & Food,Endemic,Prospecting,577000,0.14,80780,Q2 2026,115,2026-08-29,
CA-1016,Publicis Groupe,Publicis Media,UAE,Electronics,Non-endemic,Live Campaign,513000,0.98,502740,Q2 2026,27,2026-08-26,660082
CA-1017,Publicis Groupe,Publicis Media,KSA,Telco,Non-endemic,Prospecting,101000,0.11,11110,Q2 2026,2,2026-09-15,
CA-1018,Publicis Groupe,Publicis Media,KSA,QSR & Food,Endemic,Proposal Sent,112000,0.34,38080,Q1 2026,19,2026-08-31,
CA-1019,Publicis Groupe,Publicis Media,KSA,Telco,Non-endemic,Live Campaign,664000,0.96,637440,Q2 2026,28,2026-09-09,761716
CA-1020,Publicis Groupe,Publicis Media,KSA,Grocery & Retail,Endemic,Negotiation,558000,0.59,329220,Q1 2026,8,2026-09-15,
CA-1021,Publicis Groupe,Publicis Media,KSA,Banking & Fintech,Non-endemic,Live Campaign,191000,0.92,175720,Q2 2026,10,2026-09-09,227623
CA-1022,Publicis Groupe,Publicis Media,KSA,Beauty & Personal Care,Non-endemic,Negotiation,643000,0.5,321500,Q1 2026,17,2026-09-10,
CA-1023,Publicis Groupe,Publicis Media,Egypt,Telco,Non-endemic,Live Campaign,140000,0.91,127400,Q1 2026,18,2026-09-01,173967
CA-1024,Publicis Groupe,Publicis Media,Egypt,Travel & Mobility,Endemic,Renewal,649000,0.92,597080,Q4 2026,92,2026-09-09,1028246
CA-1025,Publicis Groupe,Publicis Media,Egypt,Electronics,Non-endemic,Prospecting,401000,0.05,20050,Q4 2026,35,2026-09-10,
CA-1026,Publicis Groupe,Publicis Media,Egypt,Electronics,Non-endemic,Prospecting,270000,0.05,13500,Q1 2026,17,2026-09-03,
CA-1027,Publicis Groupe,Publicis Media,Egypt,Electronics,Non-endemic,Proposal Sent,688000,0.24,165120,Q1 2026,35,2026-09-05,
CA-1028,Publicis Groupe,Publicis Media,Egypt,QSR & Food,Endemic,JBP Signed,401000,0.77,308770,Q4 2026,137,2026-09-06,532774
CA-1029,Omnicom,OMD,UAE,Electronics,Non-endemic,Renewal,182000,0.85,154700,Q2 2026,10,2026-09-10,280359
CA-1030,Omnicom,OMD,UAE,Grocery & Retail,Endemic,Proposal Sent,528000,0.34,179520,Q3 2026,35,2026-09-15,
CA-1031,Omnicom,OMD,UAE,Travel & Mobility,Endemic,Proposal Sent,759000,0.25,189750,Q2 2026,8,2026-09-07,
CA-1032,Omnicom,OMD,KSA,Electronics,Non-endemic,Proposal Sent,431000,0.26,112060,Q3 2026,18,2026-09-14,
CA-1033,Omnicom,OMD,KSA,Auto,Non-endemic,Live Campaign,125000,0.89,111250,Q2 2026,18,2026-09-10,183827
CA-1034,Omnicom,OMD,KSA,Auto,Non-endemic,JBP Signed,194000,0.75,145500,Q2 2026,25,2026-08-28,266995
CA-1035,Omnicom,OMD,KSA,Beauty & Personal Care,Non-endemic,Proposal Sent,895000,0.36,322200,Q1 2026,15,2026-09-08,
CA-1036,Omnicom,OMD,Egypt,Electronics,Non-endemic,Live Campaign,496000,0.98,486080,Q2 2026,17,2026-09-10,787699
CA-1037,Omnicom,OMD,Egypt,Grocery & Retail,Endemic,Prospecting,834000,0.15,125100,Q4 2026,17,2026-09-07,
CA-1038,Omnicom,OMD,Egypt,Fashion & Retail,Non-endemic,Prospecting,119000,0.14,16660,Q2 2026,31,2026-09-04,
CA-1039,IPG,Mediabrands,UAE,QSR & Food,Endemic,Proposal Sent,755000,0.26,196300,Q3 2026,6,2026-09-09,
CA-1040,IPG,Mediabrands,UAE,Fashion & Retail,Non-endemic,Negotiation,775000,0.61,472750,Q3 2026,9,2026-09-11,
CA-1041,IPG,Mediabrands,UAE,Banking & Fintech,Non-endemic,Prospecting,690000,0.09,62100,Q3 2026,34,2026-09-12,
CA-1042,IPG,Mediabrands,UAE,Electronics,Non-endemic,Proposal Sent,125000,0.33,41250,Q1 2026,14,2026-09-10,
CA-1043,IPG,Mediabrands,UAE,Fashion & Retail,Non-endemic,Renewal,718000,0.88,631840,Q1 2026,21,2026-08-30,900833
CA-1044,IPG,Mediabrands,KSA,Fashion & Retail,Non-endemic,Proposal Sent,210000,0.26,54600,Q4 2026,13,2026-09-06,
CA-1045,IPG,Mediabrands,KSA,Auto,Non-endemic,Negotiation,80000,0.53,42400,Q2 2026,22,2026-09-01,
CA-1046,IPG,Mediabrands,KSA,Fashion & Retail,Non-endemic,Proposal Sent,564000,0.34,191760,Q2 2026,20,2026-08-30,
CA-1047,IPG,Mediabrands,KSA,Travel & Mobility,Endemic,Proposal Sent,849000,0.27,229230,Q3 2026,14,2026-09-13,
CA-1048,IPG,Mediabrands,KSA,Telco,Non-endemic,Renewal,705000,0.94,662700,Q1 2026,14,2026-09-04,1020965
CA-1049,IPG,Mediabrands,KSA,Telco,Non-endemic,Prospecting,784000,0.05,39200,Q1 2026,16,2026-09-10,
CA-1050,IPG,Mediabrands,Egypt,Telco,Non-endemic,Renewal,204000,0.89,181560,Q4 2026,22,2026-09-01,286891
CA-1051,IPG,Mediabrands,Egypt,Travel & Mobility,Endemic,Negotiation,641000,0.54,346140,Q2 2026,32,2026-09-01,
CA-1052,IPG,Mediabrands,Egypt,Telco,Non-endemic,Live Campaign,363000,0.98,355740,Q4 2026,19,2026-09-01,413363
CA-1053,IPG,Mediabrands,Egypt,Banking & Fintech,Non-endemic,Proposal Sent,633000,0.25,158250,Q2 2026,11,2026-09-04,
CA-1054,IPG,Mediabrands,Egypt,Auto,Non-endemic,Negotiation,635000,0.55,349250,Q1 2026,28,2026-09-03,
CA-1055,IPG,Mediabrands,Egypt,Travel & Mobility,Endemic,Renewal,100000,0.94,94000,Q4 2026,24,2026-09-06,147674
CA-1056,Dentsu,Dentsu Media,UAE,Fashion & Retail,Non-endemic,Negotiation,697000,0.6,418200,Q4 2026,29,2026-08-31,
CA-1057,Dentsu,Dentsu Media,UAE,Banking & Fintech,Non-endemic,JBP Signed,897000,0.79,708630,Q2 2026,10,2026-09-06,1226254
CA-1058,Dentsu,Dentsu Media,UAE,Travel & Mobility,Endemic,JBP Signed,107000,0.75,80250,Q4 2026,114,2026-09-10,120390
CA-1059,Dentsu,Dentsu Media,UAE,Telco,Non-endemic,Negotiation,425000,0.58,246500,Q4 2026,28,2026-09-07,
CA-1060,Dentsu,Dentsu Media,UAE,Grocery & Retail,Endemic,Prospecting,632000,0.05,31600,Q3 2026,6,2026-09-09,
CA-1061,Dentsu,Dentsu Media,UAE,QSR & Food,Endemic,Live Campaign,333000,0.91,303030,Q1 2026,17,2026-09-11,445148
CA-1062,Dentsu,Dentsu Media,KSA,Telco,Non-endemic,Negotiation,342000,0.58,198360,Q2 2026,9,2026-09-13,
CA-1063,Dentsu,Dentsu Media,KSA,QSR & Food,Endemic,JBP Signed,399000,0.81,323190,Q4 2026,14,2026-09-14,557024
CA-1064,Dentsu,Dentsu Media,KSA,QSR & Food,Endemic,Prospecting,871000,0.08,69680,Q1 2026,4,2026-09-13,
CA-1065,Dentsu,Dentsu Media,Egypt,QSR & Food,Endemic,Negotiation,429000,0.49,210210,Q4 2026,8,2026-09-09,
CA-1066,Dentsu,Dentsu Media,Egypt,Travel & Mobility,Endemic,Live Campaign,550000,0.97,533500,Q4 2026,121,2026-08-26,679273
CA-1067,Dentsu,Dentsu Media,Egypt,Travel & Mobility,Endemic,Live Campaign,556000,0.94,522640,Q3 2026,17,2026-09-13,689142
CA-1068,Dentsu,Dentsu Media,Egypt,Auto,Non-endemic,JBP Signed,764000,0.79,603560,Q1 2026,22,2026-09-10,1026644
CA-1069,Dentsu,Dentsu Media,Egypt,Banking & Fintech,Non-endemic,Proposal Sent,690000,0.32,220800,Q3 2026,35,2026-09-09,
CA-1070,Dentsu,Dentsu Media,Egypt,Fashion & Retail,Non-endemic,Negotiation,648000,0.58,375840,Q4 2026,33,2026-09-01,
CA-1071,Havas,Havas Media,UAE,Telco,Non-endemic,Negotiation,329000,0.53,174370,Q3 2026,35,2026-09-04,
CA-1072,Havas,Havas Media,UAE,Fashion & Retail,Non-endemic,JBP Signed,440000,0.82,360800,Q3 2026,16,2026-09-12,642683
CA-1073,Havas,Havas Media,UAE,Fashion & Retail,Non-endemic,Negotiation,860000,0.57,490200,Q2 2026,32,2026-09-07,
CA-1074,Havas,Havas Media,KSA,QSR & Food,Endemic,Proposal Sent,449000,0.26,116740,Q1 2026,10,2026-09-11,
CA-1075,Havas,Havas Media,KSA,Beauty & Personal Care,Non-endemic,JBP Signed,794000,0.85,674900,Q4 2026,56,2026-08-28,986283
CA-1076,Havas,Havas Media,KSA,Banking & Fintech,Non-endemic,Proposal Sent,132000,0.27,35640,Q4 2026,63,2026-09-03,
CA-1077,Havas,Havas Media,KSA,Electronics,Non-endemic,JBP Signed,134000,0.76,101840,Q3 2026,86,2026-09-12,184791
CA-1078,Havas,Havas Media,KSA,Electronics,Non-endemic,Live Campaign,311000,0.98,304780,Q4 2026,30,2026-09-06,475856
CA-1079,Havas,Havas Media,Egypt,Electronics,Non-endemic,Prospecting,837000,0.05,41850,Q2 2026,18,2026-09-13,
CA-1080,Havas,Havas Media,Egypt,Telco,Non-endemic,JBP Signed,240000,0.74,177600,Q4 2026,32,2026-09-06,267917
CA-1081,Havas,Havas Media,Egypt,Banking & Fintech,Non-endemic,Live Campaign,544000,0.9,489600,Q2 2026,14,2026-09-09,629619
CA-1082,Havas,Havas Media,Egypt,Telco,Non-endemic,Renewal,225000,0.85,191250,Q2 2026,20,2026-09-01,261490
CA-1083,Havas,Havas Media,Egypt,Travel & Mobility,Endemic,Negotiation,358000,0.55,196900,Q4 2026,4,2026-09-12,
CA-1084,Havas,Havas Media,Egypt,Travel & Mobility,Endemic,Proposal Sent,173000,0.27,46710,Q1 2026,19,2026-08-28,
